name,price,description
SIGNATIZE,"₹17,399","Wrist Watches, Large Dial Gold Steel Strap Quartz Watch..."
Mathey-Tissot,"₹29,029",Swiss Made Lagoon Chronograph Quartz Black Dial Analog ...
FOSSIL,"₹4,539",Briggs Analog Watch  - For Men CH2927I
A/X ARMANI EXCHANGE,"₹9,339",Hampton Analog Watch  - For Men AX2122
Mathey-Tissot,"₹12,089",Swiss Made Quartz Blue Dial Analog Watch  - For Men H81...
Seiko,"₹40,500",5 Sports GMT Analog Watch  - For Men SSK035K1
Titan,"₹22,235",Titan Ceramic Fusion Analog Watch  - For Men NT90148KD0...
Mathey-Tissot,"₹8,319",Swiss Made Blue Dial Classic Analog Watch  - For Men H7...
FOSSIL,"₹6,119",Flynn Analog Watch  - For Men BQ1125
FOSSIL,"₹6,349",RHETT Analog Watch  - For Men BQ1009
DIESEL,"₹22,495",Analog Watch  - For Men DZ4329
Mathey-Tissot,"₹26,699",Swiss Made Lagoon Chronograph Quartz Black Dial Analog ...
OBAKU,"₹9,919",Ceramic Falk Lincoln Chronograph Analog Watch  - For Me...
FOSSIL,"₹6,399",GRANT SPOR Analog Watch  - For Men FS5268I
KREDO,"₹4,999",Analog Watch  - For Men KW043 OTUS Rose
Mathey-Tissot,"₹18,400",Swiss Made Quartz White Dial Analog Watch  - For Men H7...
Mathey-Tissot,"₹28,099",Swiss Made Lagoon Chronograph Quartz Blue Dial Analog W...
TOMMY HILFIGER,"₹12,709",SULLIVAN Analog Watch  - For Men TH1791879W
Mathey-Tissot,"₹12,979",Swiss Made Silver Dial Classic Analog Watch  - For Men ...
TOMMY HILFIGER,"₹19,500",Analog Watch  - For Men TH1792060
TIMEX,"₹6,799",Automatic Silver Dial Analog Watch  - For Men TWEG208SM...
Mathey-Tissot,"₹47,200",Swiss Made Neptune Chrono Green Dial Analog Watch  - Fo...
Titan,"₹26,995",Titan Automatics Ceramic Fusion Analog Watch  - For Men...
Mathey-Tissot,"₹11,340",Swiss Made Quartz White Dial Analog Watch  - For Men HB...
A/X ARMANI EXCHANGE,"₹7,989",Hampton Analog Watch  - For Men AX2163
Mathey-Tissot,"₹8,959",Swiss Made Quartz Black Dial Analog Watch  - For Men HB...
Mathey-Tissot,"₹20,569",Swiss Made Quartz Quartz Black Dial Analog Watch  - For...
Mathey-Tissot,"₹15,759",Swiss Made Black Dial Analog Watch  - For Men HB611251M...
Mathey-Tissot,"₹16,000",Swiss Made Sunburst Black Dial Classic Analog Watch  - ...
Mathey-Tissot,"₹9,800",Swiss Made Silver Dial Classic Analog Watch  - For Men ...
TOMMY HILFIGER,"₹6,919",Analog Watch  - For Men TH1792073
Mathey-Tissot,"₹27,000",Chronograph Swiss Made Green Dial Analog Watch  - For M...
Mathey-Tissot,"₹10,329",Swiss Made Silver Dial Classic Analog Watch  - For Men ...
A/X ARMANI EXCHANGE,"₹7,379",Hampton Analog Watch  - For Men AX2155
Victorinox,"₹1,12,670",Journey 1884 Automatic Analog Watch  - For Men 242015
Mathey-Tissot,"₹15,750",Swiss Made Quartz Blue Dial Analog Watch  - For Men H45...
Mathey-Tissot,"₹47,200",Swiss Made Neptune Chrono Blue Dial Analog Watch  - For...
Mathey-Tissot,"₹30,119",Urban Chronograph Swiss Made Blue Dial Analog Watch  - ...
GUESS,"₹8,599",Analog Watch  - For Men GW0386G3
Mathey-Tissot,"₹15,750",Swiss Made Quartz Blue Dial Analog Watch  - For Women D...
PROVOGUE,₹279,Trending Day & Date Functioning for Boys Analog Watch  ...
SIGNATIZE,"₹17,399","Wrist Watches, Large Dial Gold Steel Strap Quartz Watch..."
Mathey-Tissot,"₹14,779",Swiss Made Quartz Silver Dial Analog Watch  - For Men H...
Mathey-Tissot,"₹10,850",Swiss Made Blue Dial Classic Analog Watch  - For Men H7...
Mathey-Tissot,"₹13,569",Swiss Made Quartz Silver Dial Analog Watch  - For Men H...
SKAGEN,"₹12,495",Signatur Analog Watch  - For Men SKW6579
M7 By Metronaut,₹499,Special Summer Collection Water Resistant Upto 5ATM Ana...
Mathey-Tissot,"₹29,029",Swiss Made Lagoon Chronograph Quartz Black Dial Analog ...
DUCATI CORSE,"₹22,669",Extreme Chrono Bracelet Analog Watch  - For Men DTWGI20...
Mathey-Tissot,"₹23,649",Swiss Made Quartz Blue Dial Analog Watch  - For Men H90...
PROVOGUE,₹299,Provogue Long Life premium quality semi water resistant...
Seiko,"₹40,500",5 Sports GMT Analog Watch  - For Men SSK035K1
DIESEL,"₹34,995",The Daddies Series Analog Watch  - For Men DZ7395
Mathey-Tissot,"₹18,069",Swiss Made Quartz Blue Dial Analog Watch  - For Men H45...
Mathey-Tissot,"₹16,889",Swiss Made Quartz Gold Dial Analog Watch  - For Men H71...
Mathey-Tissot,"₹16,529",Limited Edition Swiss Made Green Dial Analog Watch  - F...
KILLER,₹264,Timewear 0201BG premium watch Analog Watch  - For Men &...
DIESEL,"₹22,495",Analog Watch  - For Men DZ4329
Victorinox,"₹96,710",I.N.O.X. Automatic Analog Watch  - For Men 242017.1
Mathey-Tissot,"₹15,419",Swiss Made Quartz Green Dial Analog Watch  - For Women ...
Mathey-Tissot,"₹26,699",Swiss Made Lagoon Chronograph Quartz Black Dial Analog ...
Mathey-Tissot,"₹28,099",Swiss Made Lagoon Chronograph Quartz Blue Dial Analog W...
DIESEL,"₹5,479",Armbar Analog Watch  - For Men DZ1784
Mathey-Tissot,"₹27,179",Mathy Design Swiss Made Black Dial Analog Watch  - For ...
Titan,"₹29,695",Titan Automatics Ceramic Fusion Analog Watch  - For Men...
Mathey-Tissot,"₹17,500",Swiss Made Quartz Black Dial Analog Watch  - For Men H4...
TOMMY HILFIGER,"₹12,709",SULLIVAN Analog Watch  - For Men TH1791879W
PROVOGUE,₹279,Provogue Classy look premium quality semi water resista...
Mathey-Tissot,"₹15,419",Swiss Made Quartz Black Dial Analog Watch  - For Women ...
FOSSIL,"₹5,439",FLYNN Analog Watch  - For Men BQ2125
Mathey-Tissot,"₹14,449",Swiss Made Quartz Blue Dial Analog Watch  - For Men H81...
TIMEX,"₹6,799",Automatic Silver Dial Analog Watch  - For Men TWEG208SM...
Mathey-Tissot,"₹14,000",Swiss Made Blue Dial Classic Analog Watch  - For Men H7...
DIESEL,"₹10,789",Chief Series Analog Watch  - For Men DZ4378
Mathey-Tissot,"₹27,729",Multifunction Swiss Made Silver Dial Analog Watch  - Fo...
TOMMY HILFIGER,"₹8,309",Analog Watch  - For Men TH1791686W
Mathey-Tissot,"₹47,200",Swiss Made Neptune Chrono Green Dial Analog Watch  - Fo...
Mathey-Tissot,"₹20,569",Swiss Made Quartz Quartz Black Dial Analog Watch  - For...
TOMMY HILFIGER,"₹10,279",JAMESON Analog Watch  - For Men TH1791796W
Mathey-Tissot,"₹13,239",Swiss Made Quartz Black Dial Analog Watch  - For Men H8...
PROVOGUE,₹279,Trending Day & Date Functioning for Boys Analog Watch  ...
SIGNATIZE,"₹17,399","Wrist Watches, Large Dial Gold Steel Strap Quartz Watch..."
Mathey-Tissot,"₹12,139",Swiss Made Quartz White Dial Analog Watch  - For Women ...
Mathey-Tissot,"₹46,250",Automatic Swiss Made Blue Dial Analog Watch  - For Men ...
Mathey-Tissot,"₹1,14,969",Chronograph Automatic Swiss Made Black Dial Analog Watc...
Mathey-Tissot,"₹30,699",Swiss Made Lagoon Chronograph Quartz Black Dial Analog ...
Mathey-Tissot,"₹29,029",Swiss Made Lagoon Chronograph Quartz Black Dial Analog ...
M7 By Metronaut,₹499,Special Summer Collection Water Resistant Upto 5ATM Ana...
Mathey-Tissot,"₹24,309",Swiss Made Multifunction Edmond Moon Phase Blue Dial An...
Mathey-Tissot,"₹35,139",Chronograph Swiss Made Gold Dial Analog Watch  - For Me...
PROVOGUE,₹238,Mesh Strap Multicolor Dial Quartz Analog Watch  - For M...
PROVOGUE,₹288,Day and Date Functioning Blue Dial Analog Watch  - For ...
Mathey-Tissot,"₹25,159",Multifunction Swiss Made Black Dial Analog Watch  - For...
Mathey-Tissot,"₹30,600",Chronograph Swiss Made Blue Dial Analog Watch  - For Me...
Mathey-Tissot,"₹29,250",Swiss Made Black Dial Analog Watch  - For Men H411CHNM
Mathey-Tissot,"₹14,025",Swiss Made Quartz Black Dial Analog Watch  - For Men H7...
Seiko,"₹40,500",5 Sports GMT Analog Watch  - For Men SSK035K1
PROVOGUE,₹299,Provogue Long Life premium quality semi water resistant...
Mathey-Tissot,"₹16,889",Swiss Made Quartz Gold Dial Analog Watch  - For Men H71...
Mathey-Tissot,"₹27,969",Swiss Made Lagoon Chronograph Quartz Blue Dial Analog W...
Mathey-Tissot,"₹26,699",Swiss Made Lagoon Chronograph Quartz Black Dial Analog ...
Mathey-Tissot,"₹28,099",Swiss Made Lagoon Chronograph Quartz Blue Dial Analog W...
Mathey-Tissot,"₹31,669",Chronograph Swiss Made Blue Dial Analog Watch  - For Me...
Mathey-Tissot,"₹37,459",Swiss Made Mathy Ceramic Quartz Black Dial Analog Watch...
Mathey-Tissot,"₹59,150",Swiss Made Edmond 5040F Chronograph Quartz Black Dial A...
Mathey-Tissot,"₹16,799",Swiss Made Quartz Blue Dial Analog Watch  - For Men H79...
TOMMY HILFIGER,"₹12,709",SULLIVAN Analog Watch  - For Men TH1791879W
PROVOGUE,₹279,Provogue Classy look premium quality semi water resista...
Mathey-Tissot,"₹19,600",Swiss Made Mathy I Quartz Orange Dial Analog Watch  - F...
Mathey-Tissot,"₹21,600",Special Edition Swiss Made Blue Dial Analog Watch  - Fo...
Mathey-Tissot,"₹40,180",Chronograph Swiss Made Silver Dial Analog Watch  - For ...
Mathey-Tissot,"₹74,000",Swiss Made Edmond Automatic Blue Dial Analog Watch  - F...
Mathey-Tissot,"₹23,649",Swiss Made Quartz Black Dial Analog Watch  - For Men H9...
Mathey-Tissot,"₹24,850",Swiss Made Black Dial Analog Watch  - For Men H411CHLNM
Mathey-Tissot,"₹30,119",Urban Chronograph Swiss Made Blue Dial Analog Watch  - ...
Mathey-Tissot,"₹23,400",Swiss Made Green Dial Analog Watch  - For Men H909AV
Mathey-Tissot,"₹22,750",Chronograph Swiss Made Black Dial Analog Watch  - For M...
Mathey-Tissot,"₹28,159",Swiss Made Quartz Gold Dial Analog Watch  - For Men H11...
Mathey-Tissot,"₹18,359",Mathy Rainbow Swiss Made Quartz White Dial Analog Watch...
Mathey-Tissot,"₹32,800",Swiss Made Mathy Ceramic Quartz Black Dial Analog Watch...
PROVOGUE,₹279,Trending Day & Date Functioning for Boys Analog Watch  ...
SIGNATIZE,"₹17,399","Wrist Watches, Large Dial Gold Steel Strap Quartz Watch..."
Mathey-Tissot,"₹12,359",Swiss Made Classic Black Dial Analog Watch  - For Men H...
Mathey-Tissot,"₹19,739",Chronograph Swiss Made Yellow Dial Analog Watch  - For ...
Mathey-Tissot,"₹52,200",Swiss Made Edmond 5040F Chronograph Silver-Tone Dial An...
Mathey-Tissot,"₹15,750",Swiss Made Classic Blue Dial Analog Watch  - For Men H7...
Mathey-Tissot,"₹29,029",Swiss Made Lagoon Chronograph Quartz Black Dial Analog ...
M7 By Metronaut,₹499,Special Summer Collection Water Resistant Upto 5ATM Ana...
Mathey-Tissot,"₹14,000",Swiss Made Classic Grey Dial Analog Watch  - For Men H7...
Mathey-Tissot,"₹60,830",Swiss Made Edmond G10 Chronograph Quartz White Dial Ana...
PROVOGUE,₹238,Mesh Strap Multicolor Dial Quartz Analog Watch  - For M...
Seiko,"₹40,500",5 Sports GMT Analog Watch  - For Men SSK035K1
Mathey-Tissot,"₹11,000",Swiss Made Classic Grey Dial Analog Watch  - For Men H7...
Mathey-Tissot,"₹21,349",Swiss Made Quartz Black Dial Analog Watch  - For Men H9...
Mathey-Tissot,"₹32,189",Swiss Made Lancelot Chronograph Quartz Black Dial Analo...
TOMMY HILFIGER,"₹13,749",JAMESON Analog Watch  - For Men TH1791795W
PROVOGUE,₹299,Provogue Long Life premium quality semi water resistant...
Mathey-Tissot,"₹26,699",Swiss Made Lagoon Chronograph Quartz Black Dial Analog ...
TOMMY HILFIGER,"₹11,219",Analog Watch  - For Men TH1791790W
TOMMY HILFIGER,"₹17,999",Analog Watch  - For Men NCTH1791727
Mathey-Tissot,"₹28,099",Swiss Made Lagoon Chronograph Quartz Blue Dial Analog W...
TOMMY HILFIGER,"₹12,709",SULLIVAN Analog Watch  - For Men TH1791879W
Strand By Obaku,"₹3,380",Bondi Fuschsia Analog Watch  - For Men S727GDVWSV
Victorinox,"₹46,645",Journey 1884 Analog Watch  - For Men 241975
TOMMY HILFIGER,"₹18,499",Clark Black Dial Men Watch Analog Watch  - For Men TH17...
TIMEX,"₹6,799",Automatic Silver Dial Analog Watch  - For Men TWEG208SM...
PROVOGUE,₹279,Provogue Classy look premium quality semi water resista...
Mathey-Tissot,"₹20,569",Swiss Made Quartz Quartz Black Dial Analog Watch  - For...
OHHO,"₹1,656",OHHO T-Classic Swiss Made PRX Powermatic 80 White Dial ...
Mathey-Tissot,"₹22,769",Swiss Made Quartz Green Dial Analog Watch  - For Men H1...
Mathey-Tissot,"₹15,759",Swiss Made Black Dial Analog Watch  - For Men HB611251M...
TOMMY HILFIGER,"₹6,919",Analog Watch  - For Men TH1792073
TOMMY HILFIGER,"₹14,250",Analog Watch  - For Men TH1781789
TOMMY HILFIGER,"₹5,829",Analog Watch  - For Men NETH1710509W
TOMMY HILFIGER,"₹7,269",Logan Analog Watch  - For Men NETH1792009W
OHHO,"₹1,656",OHHO T-Classic Swiss Made PRX Powermatic 80 Red Dial Wr...
PROVOGUE,₹449,Original Gold Plated Day and Date Functioning Analog Wa...
GIORDANO,"₹3,525",Analog Watch  - For Men A1049-02
Mathey-Tissot,"₹1,35,800",Chronograph Automatic Swiss Made White Dial Analog Watc...
EMPORIO ARMANI,"₹18,896",Analog Watch  - For Men AR11507
SIGNATIZE,"₹17,399","Wrist Watches, Large Dial Gold Steel Strap Quartz Watch..."
Mathey-Tissot,"₹29,029",Swiss Made Lagoon Chronograph Quartz Black Dial Analog ...
CASIO,"₹8,995",EDIFICE Analog Watch  - For Men ED657 ( EFR-575L-7ADF )
CASIO,"₹3,695",Enticer Men Analog Watch  - For Men A2411 (MTP-VT04D-1E...
CASIO,"₹5,305",Enticer Men Analog Watch  - For Men A2318 ( MTP-V300G-1...
CASIO,"₹3,695",Enticer Ladies Analog Watch  - For Women A2423 (LTP-VT0...
Seiko,"₹40,500",5 Sports GMT Analog Watch  - For Men SSK035K1
CASIO,"₹3,995",Enticer Ladies Analog Watch  - For Women A2361 (LTP-130...
CASIO,"₹11,196",G-shock Women Analog-Digital Watch  - For Women G1316 (...
CASIO,"₹2,965",Enticer Lady's ( LTP-VT01L-7B1UDF ) Analog Watch  - For...
CASIO,"₹1,195",Youth Analog ( MQ-27-7BUDF ) Analog Watch  - For Men A2...
CASIO,"₹22,495",Edifice Analog Watch  - For Men ED641 ( EFS-S640ZE-1ADR...
CASIO,"₹3,596",Enticer Men Analog Watch  - For Men A1830 (MTP-E175BL-2...
CASIO,"₹6,995",Enticer Lady's ( LTP-E157MR-9ADF ) Analog Watch  - For ...
CASIO,"₹7,995",Enticer Ladie Analog Watch  - For Women A1852 (LTP-E154...
CASIO,"₹22,995",G-Shock Digital Watch  - For Men G1667 (GM-5600YMG-9DR)
CASIO,"₹11,995",G-Shock Women Analog-Digital Watch  - For Women G1656 (...
CASIO,"₹9,796",G-SHOCK WOMEN Analog-Digital Watch  - For Women G1488 (...
CASIO,"₹4,196",Enticer Men Analog-Digital Watch  - For Men A1961 (MTP-...
CASIO,"₹8,716",G-SHOCK Women Gold-Silver Dial Black Resin Strap Analog...
CASIO,"₹14,995",Edifice Black Dial Silver Stainless Steel Band Analog W...
CASIO,"₹4,397",Sheen Analog Watch  - For Women SX277 (SHE-4539M-7AUDF)
CASIO,"₹8,795",Sheen Analog Watch  - For Women SH281 (SHE-4539SM-2AUDF...
CASIO,"₹8,995",EDIFICE Analog Watch  - For Men ED659 ( EFV-650D-2BVUDF...
CASIO,"₹5,497",Sheen Analog Watch  - For Women SH244 (SHE-4543GL-8AUDF...
CASIO,"₹4,747",Sheen ( SHE-3066PGL-4AUDF ) Analog Watch  - For Women S...
CASIO,"₹7,336",Sheen Analog Watch  - For Women SH289 (SHE-4554GM-9AUDF...
CASIO,"₹8,995",Edifice Green Dial Silver Stainless Steel Band Analog W...
CASIO,"₹3,495",Enticer Men Analog Watch  - For Men A2414 (MTP-VT04L-7E...
CASIO,"₹4,997",Sheen Analog Watch  - For Women SX274 (SHE-4539CGL-1AUD...
CASIO,"₹6,495",VINTAGE Digital Watch  - For Men & Women D391 ( A130WEG...
CASIO,"₹16,995",G-Shock Women Analog-Digital Watch  - For Women G1693 (...
CASIO,"₹14,495",G-Shock Women Analog-Digital Watch  - For Women G1695 (...
CASIO,"₹5,497",Sheen Analog Watch  - For Women SH229 (SHE-4535YGL9AUDF...
CASIO,"₹7,695",G-SHOCK Women Yellow-Gold Dial Black Resin Strap Digita...
CASIO,"₹2,937",Enticer Men Analog Watch  - For Men A2012 (MTP-E600L-5B...
CASIO,"₹8,995",EDIFICE Analog Watch  - For Men ED656 ( EFR-575D-2ADF )
CASIO,"₹16,995",G-Shock Analog-Digital Watch  - For Men G1609 (GM-700P-...
CASIO,"₹4,997",Sheen Analog Watch  - For Women SH221 (SHE-4534PGL-1AUD...
CASIO,"₹3,297",Enticer Men Analog Watch  - For Men A2046 (MTP-B120L-7A...
PROVOGUE,₹279,Trending Day & Date Functioning for Boys Analog Watch  ...
SIGNATIZE,"₹17,399","Wrist Watches, Large Dial Gold Steel Strap Quartz Watch..."
LEE COOPER,"₹3,479",LC07670.360 Analog Watch  - For Men LC07670.360
elivor,₹488,Analog Watch  - For Men TITANIC_BLACK
PETER ENGLAND,"₹1,019",Analog Watch  - For Men PE000008C
CASIO,"₹3,329",Youth Analog ( MCW-200H-1AVDF ) Analog Watch  - For Boy...
PROVOGUE,₹299,Analog Watch  - For Men PV-BK102-Black Silicone Strap B...
Mathey-Tissot,"₹28,099",Swiss Made Lagoon Chronograph Quartz Blue Dial Analog W...
Fastrack,"₹3,676",Mixmatch 2.0 Analog Watch  - For Men & Women NT33056296...
ZIAFASHION,₹167,Digital watch Digital Watch  - For Boys & Girls Kids di...
Mathey-Tissot,"₹29,029",Swiss Made Lagoon Chronograph Quartz Black Dial Analog ...
M7 By Metronaut,₹499,Special Summer Collection Water Resistant Upto 5ATM Ana...
Fastrack,₹969,Trendies Analog Watch  - For Women 68007PP01
TIMEX,₹999,Black Dial Stainless Steel Analog Watch  - For Men TWTG...
Allen Solly,₹939,Analog Watch  - For Men AS000011D
ZIAFASHION,₹167,Digital watch Digital Watch  - For Boys & Girls Kids di...
Seiko,"₹40,500",5 Sports GMT Analog Watch  - For Men SSK035K1
PROVOGUE,₹299,Provogue Long Life premium quality semi water resistant...
FOSSIL,"₹6,439",Kerrigan Analog Watch  - For Women BQ3206
Fastrack,"₹1,495",Stunners 6.0 Analog Watch  - For Men 3278SM04
Mathey-Tissot,"₹40,399",Swiss Made Neptune Chrono White Dial Analog Watch  - Fo...
Mathey-Tissot,"₹26,699",Swiss Made Lagoon Chronograph Quartz Black Dial Analog ...
VAN HEUSEN,"₹1,149",Analog Watch  - For Women VH000007E
ZIAFASHION,₹167,Digital watch Digital Watch  - For Boys & Girls Kids di...
Titan,"₹6,395",Neo Gents Upg Analog Watch  - For Men NT1733KL03
SONATA,"₹1,221",RPM 2.0 Analog Watch  - For Men NT77105SM03
Mathey-Tissot,"₹20,569",Swiss Made Quartz Quartz Black Dial Analog Watch  - For...
Mathey-Tissot,"₹39,200",Swiss Made Mathy Chess Blue Dial Analog Watch  - For Me...
house of common,₹453,Golden Color Watch With Extra Gold Shine Watch For Gift...
Titan,"₹9,799",Ladies Purple Analog Watch  - For Women 95229WM01
Mathey-Tissot,"₹47,200",Swiss Made Neptune Chrono Blue Dial Analog Watch  - For...
Mathey-Tissot,"₹27,000",Chronograph Swiss Made Green Dial Analog Watch  - For M...
TIMEX,₹699,White Dial Analog Watch  - For Men TW0TG8200
PETER ENGLAND,₹939,Analog Watch  - For Men PE000038A
ZIAFASHION,₹167,Digital watch Digital Watch  - For Boys & Girls Kids di...
Titan,"₹2,939",Karishma Flipkart SMU Analog Watch  - For Men NT1899QM0...
TOMMY HILFIGER,"₹12,709",SULLIVAN Analog Watch  - For Men TH1791879W
PROVOGUE,₹279,Provogue Classy look premium quality semi water resista...
Allen Solly,"₹1,159",Analog Watch  - For Men AS000010F
Titan,"₹2,940",Gents Karishma Analog Watch  - For Men NT1825KM02
PROVOGUE,₹279,Trending Day & Date Functioning for Boys Analog Watch  ...
SIGNATIZE,"₹17,399","Wrist Watches, Large Dial Gold Steel Strap Quartz Watch..."
TIMEX,"₹3,229",Multifunction Blue Dial Analog Watch  - For Men TWEG254...
Allen Solly,₹889,Analog Watch  - For Men AS000003C
INVICTA,"₹9,039",Specialty Chronograph Quartz Black Dial Analog Watch  -...
CASIO,"₹1,895",Vintage A158WA-1DF Black Dial Silver Stainless Steel Ba...
M7 By Metronaut,₹499,Special Summer Collection Water Resistant Upto 5ATM Ana...
Mathey-Tissot,"₹29,029",Swiss Made Lagoon Chronograph Quartz Black Dial Analog ...
TIMEX,₹999,Black Dial Stainless Steel Analog Watch  - For Men TWTG...
Fastrack,"₹4,895",Tick Tock 1.0 Analog Watch  - For Men NT3287QM01
PROVOGUE,₹299,Provogue Long Life premium quality semi water resistant...
Seiko,"₹40,500",5 Sports GMT Analog Watch  - For Men SSK035K1
LEE COOPER,"₹3,519",Dual Time Analog Watch  - For Men LC07506.351
Titan,"₹7,915",Neo Gents V Analog Watch  - For Men NT1805NL02
ORSGA,"₹2,265",ORSGA Flora 360 Multicolor Analog Watch  - For Women Wa...
CARLTON LONDON,"₹2,689",Chelsea Analog Watch  - For Women CLSSCDGRN
DIESEL,"₹22,495",Analog Watch  - For Men DZ4329
Mathey-Tissot,"₹26,699",Swiss Made Lagoon Chronograph Quartz Black Dial Analog ...
PETER ENGLAND,₹879,Analog Watch  - For Men PE000056B
Titan,"₹9,799",Ladies Purple Analog Watch  - For Women 95229WM01
Mathey-Tissot,"₹28,099",Swiss Made Lagoon Chronograph Quartz Blue Dial Analog W...
PROVOGUE,₹348,Trending Daily Wear Watch for Men Analog Watch  - For M...
SONATA,"₹1,277",ENAMEL Analog Watch  - For Women NT8068YM02
LEE COOPER,"₹3,729",Analog Watch  - For Men LC07525.651
Titan,"₹7,795",Neo Splash Analog Watch  - For Men NT1805QM04
FOSSIL,"₹6,439",Kerrigan Analog Watch  - For Women BQ3206
TOMMY HILFIGER,"₹12,709",SULLIVAN Analog Watch  - For Men TH1791879W
PROVOGUE,₹279,Provogue Classy look premium quality semi water resista...
LEE COOPER,"₹3,709",Chronograph Analog Watch  - For Men LC07807.340
TIMEX,"₹1,449",Silver-Dial Analog Watch  - For Women TWEL11413
Mathey-Tissot,"₹14,449",Swiss Made Quartz Blue Dial Analog Watch  - For Men H81...
TIMEX,"₹6,799",Automatic Silver Dial Analog Watch  - For Men TWEG208SM...
TIMEX,"₹1,379",Black Dial Analog Watch  - For Men TWTG31SMU10
Titan,"₹1,795",Karishma Analog Watch  - For Women NN2598YM02
VAN HEUSEN,"₹1,259",2023 Edition Analog Watch  - For Women VH000046C
Titan,"₹3,025",Eco Analog Watch  - For Men NT1584SL03
Mathey-Tissot,"₹47,200",Swiss Made Neptune Chrono Green Dial Analog Watch  - Fo...
Mathey-Tissot,"₹20,569",Swiss Made Quartz Quartz Black Dial Analog Watch  - For...
Titan,"₹1,795",Karishma Analog Watch  - For Women NM2598YM01
PETER ENGLAND,"₹3,079",Analog Watch  - For Men PE000032B
PROVOGUE,₹279,Trending Day & Date Functioning for Boys Analog Watch  ...
SIGNATIZE,"₹17,399","Wrist Watches, Large Dial Gold Steel Strap Quartz Watch..."
Titan,"₹3,025",Eco Analog Watch  - For Men NT1584SL03
PETER ENGLAND,₹759,Analog Watch  - For Men PE000016B
Titan,"₹3,299",1870SM02-DM402-IBD BOP Analog Watch  - For Men 1870SM02
Allen Solly,₹889,Analog Watch  - For Women AS000016A
Mathey-Tissot,"₹29,029",Swiss Made Lagoon Chronograph Quartz Black Dial Analog ...
M7 By Metronaut,₹499,Special Summer Collection Water Resistant Upto 5ATM Ana...
VAN HEUSEN,"₹1,239",Analog Watch  - For Women VH000007F
Titan,"₹5,806",Neo Gents V Analog Watch  - For Men NT1805NM02
PROVOGUE,₹288,Day and Date Functioning Blue Dial Analog Watch  - For ...
Mathey-Tissot,"₹15,759",Swiss Made Black Dial Analog Watch  - For Men HB611251M...
Titan,"₹1,995",Karishma Revive Analog Watch  - For Women NM2594YM01
Allen Solly,"₹1,449",Analog Watch  - For Men AS000025E
Allen Solly,"₹1,319",Analog Watch  - For Men AS000024D
VAN HEUSEN,"₹1,819",REESE Analog Watch  - For Women VH000026D
Seiko,"₹40,500",5 Sports GMT Analog Watch  - For Men SSK035K1
PROVOGUE,₹299,Provogue Long Life premium quality semi water resistant...
PROVOGUE,₹299,Trending Premium Quality Day & Date Functioning for Boy...
TIMEX,₹619,Silver Dial Analog Watch  - For Women TWTL10100
Mathey-Tissot,"₹40,399",Swiss Made Neptune Chrono White Dial Analog Watch  - Fo...
Mathey-Tissot,"₹26,699",Swiss Made Lagoon Chronograph Quartz Black Dial Analog ...
Mathey-Tissot,"₹11,019",Swiss Made Quartz Blue Dial Analog Watch  - For Women D...
VAN HEUSEN,"₹1,779",Versatile Analog Watch  - For Men VH000034B
PETER ENGLAND,"₹1,089",Analog Watch  - For Men PE000008H
PETER ENGLAND,"₹1,019",Analog Watch  - For Men PE000026A
Mathey-Tissot,"₹39,200",Swiss Made Mathy Chess Blue Dial Analog Watch  - For Me...
Mathey-Tissot,"₹47,200",Swiss Made Neptune Chrono Blue Dial Analog Watch  - For...
Titan,"₹5,120",Raga Viva Analog Watch  - For Women NT2576WM01
TIMEX,"₹8,999",Automatic Black Dial Analog Watch  - For Men TW000Z803
Mathey-Tissot,"₹28,099",Swiss Made Lagoon Chronograph Quartz Blue Dial Analog W...
Mathey-Tissot,"₹27,000",Chronograph Swiss Made Green Dial Analog Watch  - For M...
Titan,"₹15,995",Regalia Maritime Analog Watch  - For Men NT1830KL01
SONATA,"₹1,994",Poze Drop 4 Analog Watch  - For Women SP80103KM02W
PETER ENGLAND,"₹1,639",Analog Watch  - For Men PE000017F
Titan,"₹1,795",Karishma Analog Watch  - For Women NM2598YM01
TOMMY HILFIGER,"₹12,709",SULLIVAN Analog Watch  - For Men TH1791879W
PROVOGUE,₹279,Provogue Classy look premium quality semi water resista...
TIMEX,"₹4,349",Multifunction Black Dial Analog Watch  - For Men TWEG27...
PETER ENGLAND,₹939,Analog Watch  - For Men PE000038C
SIGNATIZE,"₹17,399","Wrist Watches, Large Dial Gold Steel Strap Quartz Watch..."
Mathey-Tissot,"₹29,029",Swiss Made Lagoon Chronograph Quartz Black Dial Analog ...
Victorinox,"₹60,610",Chronograph Analog Watch  - For Men 241946
Victorinox,"₹43,510",Maverick Analog Watch  - For Women 241790
Mathey-Tissot,"₹24,309",Swiss Made Multifunction Edmond Moon Phase Blue Dial An...
Mathey-Tissot,"₹27,969",Swiss Made Lagoon Chronograph Quartz Blue Dial Analog W...
Seiko,"₹40,500",5 Sports GMT Analog Watch  - For Men SSK035K1
DIESEL,"₹22,495",Analog Watch  - For Men DZ4329
Mathey-Tissot,"₹27,729",Multifunction Swiss Made Silver Dial Analog Watch  - Fo...
Mathey-Tissot,"₹60,830",Swiss Made Edmond G10 Chronograph Quartz White Dial Ana...
Mathey-Tissot,"₹26,699",Swiss Made Lagoon Chronograph Quartz Black Dial Analog ...
Mathey-Tissot,"₹28,099",Swiss Made Lagoon Chronograph Quartz Blue Dial Analog W...
Mathey-Tissot,"₹36,750",Swiss Made Lagoon Chronograph Quartz Black Dial Analog ...
Mathey-Tissot,"₹25,159",Multifunction Swiss Made Black Dial Analog Watch  - For...
Mathey-Tissot,"₹26,279",Swiss Made Lagoon Chronograph Quartz Black Dial Analog ...
Mathey-Tissot,"₹30,699",Swiss Made Lagoon Chronograph Quartz Black Dial Analog ...
TOMMY HILFIGER,"₹12,709",SULLIVAN Analog Watch  - For Men TH1791879W
Mathey-Tissot,"₹14,449",Swiss Made Quartz Blue Dial Analog Watch  - For Men H81...
Earnshaw,"₹19,339","Westminster_
Automatic Analog Watch  - For Men ES-8095-..."
Mathey-Tissot,"₹39,900",Swiss Made Lagoon Chronograph Quartz Black Dial Analog ...
TIMEX,"₹6,799",Automatic Silver Dial Analog Watch  - For Men TWEG208SM...
Mathey-Tissot,"₹47,200",Swiss Made Neptune Chrono Green Dial Analog Watch  - Fo...
Mathey-Tissot,"₹40,180",Chronograph Swiss Made Silver Dial Analog Watch  - For ...
Victorinox,"₹49,495",Analog Watch  - For Men 241893
Victorinox,"₹56,050",FieldForce Analog Watch  - For Men 241899
Earnshaw,"₹16,239",Westminster_( Skeleton Mechanical) Analog Watch  - For ...
Mathey-Tissot,"₹20,569",Swiss Made Quartz Quartz Black Dial Analog Watch  - For...
Mathey-Tissot,"₹15,759",Swiss Made Black Dial Analog Watch  - For Men HB611251M...
Mathey-Tissot,"₹46,400",Chronograph Swiss Made Brown Dial Analog Watch  - For M...
Mathey-Tissot,"₹52,200",Swiss Made Edmond 5040F Chronograph Silver-Tone Dial An...
TOMMY HILFIGER,"₹6,919",Analog Watch  - For Men TH1792073
Mathey-Tissot,"₹27,000",Chronograph Swiss Made Green Dial Analog Watch  - For M...
Mathey-Tissot,"₹59,150",Swiss Made Edmond 5040F Chronograph Quartz Black Dial A...
Earnshaw,"₹15,839",Westminster_( Skeleton Mechanical) Analog Watch  - For ...
Earnshaw,"₹18,859",Clark Skeleton Automatic Analog Watch  - For Men ES-818...
Mathey-Tissot,"₹18,359",Mathy Rainbow Swiss Made Quartz White Dial Analog Watch...
Mathey-Tissot,"₹30,119",Urban Chronograph Swiss Made Blue Dial Analog Watch  - ...
Mathey-Tissot,"₹47,200",Swiss Made Neptune Chrono Blue Dial Analog Watch  - For...
Mathey-Tissot,"₹37,459",Swiss Made Mathy Ceramic Quartz Black Dial Analog Watch...
Earnshaw,"₹25,559",Duncan Analog Watch  - For Men ES-8129-44
PROVOGUE,₹279,Trending Day & Date Functioning for Boys Analog Watch  ...
SIGNATIZE,"₹17,399","Wrist Watches, Large Dial Gold Steel Strap Quartz Watch..."
Earnshaw,"₹10,079",Analog Watch  - For Men ES-8135-01
Mathey-Tissot,"₹23,649",Swiss Made Quartz Blue Dial Analog Watch  - For Men H90...
Earnshaw,"₹21,009",Beauchamp Automatic Skeleton Analog Watch  - For Men ES...
Victorinox,"₹65,455",DIVE PRO QUARTZ Analog Watch  - For Men 241990
PROVOGUE,₹299,Analog Watch  - For Men PV-BK102-Black Silicone Strap B...
M7 By Metronaut,₹499,Special Summer Collection Water Resistant Upto 5ATM Ana...
Earnshaw,"₹35,724",Analog Watch  - For Men ES-8174-DD
Mathey-Tissot,"₹20,569",Swiss Made Quartz Quartz Black Dial Analog Watch  - For...
Mathey-Tissot,"₹29,029",Swiss Made Lagoon Chronograph Quartz Black Dial Analog ...
PROVOGUE,₹299,Provogue Long Life premium quality semi water resistant...
Earnshaw,"₹23,975",Analog Watch  - For Men ES-8225-05
Mathey-Tissot,"₹30,119",Urban Chronograph Swiss Made Blue Dial Analog Watch  - ...
Mathey-Tissot,"₹13,239",Swiss Made Quartz Black Dial Analog Watch  - For Men H8...
Earnshaw,"₹24,179",Discovery Analog Watch  - For Men ES-8228-44
Seiko,"₹40,500",5 Sports GMT Analog Watch  - For Men SSK035K1
DIESEL,"₹22,495",Analog Watch  - For Men DZ4329
Mathey-Tissot,"₹14,449",Swiss Made Quartz Blue Dial Analog Watch  - For Men H81...
Mathey-Tissot,"₹14,000",Swiss Made Classic Grey Dial Analog Watch  - For Men H7...
Mathey-Tissot,"₹26,699",Swiss Made Lagoon Chronograph Quartz Black Dial Analog ...
Mathey-Tissot,"₹28,099",Swiss Made Lagoon Chronograph Quartz Blue Dial Analog W...
Mathey-Tissot,"₹23,400",Swiss Made Green Dial Analog Watch  - For Men H909AV
Mathey-Tissot,"₹12,359",Swiss Made Classic Black Dial Analog Watch  - For Men H...
Mathey-Tissot,"₹23,139",Swiss Made Green Dial Chronograph Analog Watch  - For M...
Mathey-Tissot,"₹30,600",Chronograph Swiss Made Blue Dial Analog Watch  - For Me...
TOMMY HILFIGER,"₹12,709",SULLIVAN Analog Watch  - For Men TH1791879W
PROVOGUE,₹279,Provogue Classy look premium quality semi water resista...
Mathey-Tissot,"₹16,000",Swiss Made Sunburst Black Dial Classic Analog Watch  - ...
Mathey-Tissot,"₹35,139",Chronograph Swiss Made Gold Dial Analog Watch  - For Me...
TIMEX,"₹6,799",Automatic Silver Dial Analog Watch  - For Men TWEG208SM...
Mathey-Tissot,"₹47,200",Swiss Made Neptune Chrono Green Dial Analog Watch  - Fo...
Mathey-Tissot,"₹14,779",Swiss Made Quartz Silver Dial Analog Watch  - For Men H...
Mathey-Tissot,"₹17,999",Mathy Iii Roman Swiss Made Silver Dial Analog Watch  - ...
Mathey-Tissot,"₹13,239",Mathy Iii Roman Swiss Made Silver Dial Analog Watch  - ...
Earnshaw,"₹23,974",Holborn _( Skeleton Automatic) Analog Watch  - For Men ...
Mathey-Tissot,"₹15,759",Swiss Made Black Dial Analog Watch  - For Men HB611251M...
PROVOGUE,₹449,Original Gold Plated Day and Date Functioning Analog Wa...
Mathey-Tissot,"₹13,239",Mathy Iii Roman Swiss Made Silver Dial Analog Watch  - ...
Mathey-Tissot,"₹13,569",Swiss Made Quartz Silver Dial Analog Watch  - For Men H...
